state	expected_sick_days
exposed-1	3.0
exposed-2	3.9999999999999996
exposed-3	5.999999999999999
recovered	0.0
symptoms-1	9.999999999999998
symptoms-2	6.666666666666666
symptoms-3	3.333333333333333
