state	expected_discomfort
exposed-1	0.7499999999991067
exposed-2	1.499999999998638
exposed-3	2.9999999999979234
recovered	-0.0
symptoms-1	5.9999999999968345
symptoms-2	4.499999999999847
symptoms-3	1.4999999999999964
