state	speed_discomfort	minimize_discomfort
exposed-1	0.8333333333333331	0.7499999999991067
exposed-2	1.6666666666666663	1.499999999998638
exposed-3	3.3333333333333326	2.9999999999979234
recovered	0.0	0.0
symptoms-1	6.666666666666665	5.9999999999968345
symptoms-2	4.999999999999999	4.499999999999847
symptoms-3	1.6666666666666665	1.4999999999999964
